id;prenom;nom;email;telephone;mot_de_passe;role;matricule;fcm_token;notifications_push;notifications_sms;langue;photo;photo_content_type;date_creation;derniere_connexion;actif;date_embauche;numero_permis
1;au-dessus de;gens;Alcide83@hotmail.fr;0273626368;naguère subito;ADMIN;ouin dès que;plouf avant que;true;false;areu areu dessous;../fake-data/blob/hipster.png;image/png;2026-02-21T17:19:58;2026-02-21T22:48:14;false;2026-02-21;quitte à broum diplomate
2;laver du fait que divinement;remplir sentir;Celestin68@yahoo.fr;0505902652;croître coac coac;OPERATOR;smack;administration;false;false;ha ha gigantesque sur;../fake-data/blob/hipster.png;image/png;2026-02-21T00:04:37;2026-02-21T10:11:26;false;2026-02-21;spécialiste
3;jeune à l'égard de;depuis;Evariste_Picard@gmail.com;+33 522473314;aussitôt chez;PASSENGER;là-haut;d'abord touriste boum;false;false;miaou;../fake-data/blob/hipster.png;image/png;2026-02-21T17:34:17;2026-02-21T22:26:58;true;2026-02-21;complètement
4;avant que aux alentours de au-dessous de;émérite exprimer;Maud.Dupont@yahoo.fr;+33 259011814;a contre certainement;DRIVER;de sorte que;que pacifique;true;false;venger;../fake-data/blob/hipster.png;image/png;2026-02-21T21:30:20;2026-02-21T00:41:05;false;2026-02-21;admirablement lectorat
5;naguère vorace;avant toutefois si bien que;Rebecca77@yahoo.fr;+33 570719761;nier puisque à même;TOURIST;minuscule commis de cuisine;grrr désagréable;false;true;insipide quitte à;../fake-data/blob/hipster.png;image/png;2026-02-21T02:59:06;2026-02-21T18:45:07;true;2026-02-21;réserver
6;vers;photographier;Roseline_Meunier4@gmail.com;+33 265123036;même à condition que gestionnaire;OPERATOR;débile;jeune toc-toc dès que;true;false;obliger tout équipe de recherche;../fake-data/blob/hipster.png;image/png;2026-02-21T11:10:28;2026-02-21T04:28:31;false;2026-02-21;pour que perfectionner mature
7;miaou énorme au-dessus;fonctionner;Eudoxe90@hotmail.fr;+33 485683673;à cause de psitt;PASSENGER;croâ;bè outre;false;true;cadre;../fake-data/blob/hipster.png;image/png;2026-02-21T22:18:17;2026-02-21T18:11:25;true;2026-02-21;au dépens de au cas où
8;disparaître;délivrer pourvu que;Adalbaude.Rey97@hotmail.fr;+33 699814936;alors que;DRIVER;administration;camarade contribuer camarade;true;false;témoigner de manière à délectable;../fake-data/blob/hipster.png;image/png;2026-02-21T18:38:20;2026-02-21T09:10:04;true;2026-02-21;sans ouf
9;assassiner en dehors de crac;équipe fourbe smack;Clery12@gmail.com;0666193822;pourpre de crainte que;DRIVER;blême d’autant que;à la faveur de euh réserver;true;false;aborder;../fake-data/blob/hipster.png;image/png;2026-02-21T22:18:06;2026-02-21T22:51:10;true;2026-02-21;tandis que
10;pour hors de dehors;après parmi sombre;Gustavine0@gmail.com;+33 200317264;suffire plouf;OPERATOR;sous avant que loufoque;exprès tchou tchouu moins;false;true;du côté de d'avec juriste;../fake-data/blob/hipster.png;image/png;2026-02-21T12:00:47;2026-02-21T20:11:16;true;2026-02-21;ouf soit psitt
